lat,lng,,IN_FID,loc,Street Address,City,State,Zip Code,Cross Streets,Phone Number,Closed_Renovations,Sunday Open,Sunday Close,Monday  Open,Monday  Close,Tuesday  Open,Tuesday Close,Wednesday Open,Wednesday  Close,Thursday Open,Thursday Close,Friday Open,Friday  Close,Saturday Open,Saturday  Close,Library,Adult_Education,LEAP_After_School_Program,Baby_changing_station,Bicycle_rack,Book_drop_box,Change_machine,Children's_only_restroom,Computer_lab,Computers_for_public_use,Electrical_outlets_available,Handicapped_Accessible,Meeting_space_(reservation_required),Pay_Phone,Parking_lot,Photocopier_(black/white),Printing_(black/white),Public_restrooms,Screen_magnify_tools_,Screen-reading_software_(JAWS),Self-service_check-out,Street_parking,Street_parking_(free),Street_parking_(metered),Water_fountain,Wireless_internet_access_(wi/fi),Facebook,Newsletter,Twitter,Library_Website,X54,Branch,Initials,P_1,P_2,avg_days,Med_days,se16,oc16,Sum,Pre_16,School_16,Child_Sum,Teen_16,Sum_Read1,Sum_Read2,NISV_14,NISV_15,NISV_16,NISV_Total,AISV_14,AISV_15,AISV_16,AISV_TOT,NISRP_14,NISRP_15,NISRP_16,NISRP_tot,AISRP_14,AISRP_15,AISRP_16,AISRP_tot,NPIP_14,NPIP_15,NPIP_16,NPIP_tot,APIP_14,APIP_15,APIP_16,APIP_tot,NOSV_14,NOSV_15,NOSV_16,NOSV_tot,AOSV_14,AOSV_15,AOSV_16,AOSV_tot,NOSRP_14,NOSRP_15,NOSRP_16,NOSRP_tot,AOSRP_14,AOSRP_15,AOSRP_16,AOSRP_tot,NPOP_14,NPOP_15,NPOP_16,NPOP_17,APOP_14,APOP_15,APOP_16,APOP_tot,Rowid_.x,OBJECTID.x,NEAR_FID.x,NEAR_DIST.x,near_dhs,Rowid_.y,OBJECTID.y,NEAR_FID.y,NEAR_DIST.y,near_ppr_asset,Rowid_.x,OBJECTID.x,NEAR_FID.x,NEAR_DIST.x,near_pools,Rowid_.y,OBJECTID.y,NEAR_FID.y,NEAR_DIST.y,near_pal.x,Rowid_.x,OBJECTID.x,NEAR_FID.x,NEAR_DIST.x,near_ppr_ost,Rowid_.y,OBJECTID.y,NEAR_FID.y,NEAR_DIST.y,near_pal.y
39.945866,-75.240266,1,0,Blanche A. Nixon/Cobbs Creek Library,5800 Cobbs Creek Parkway,Philadelphia,PA,19143-3036,59th St. & Baltimore Ave.,215-685-1973,n/a,Closed,Closed,12:00,20:00,10:00:00,18:00:00,12:00:00,20:00:00,10:00:00,18:00:00,10:00,17:00,10:00,17:00,Blanche A. Nixon/Cobbs Creek Library,0,1,1,1,1,0,0,0,0,0,0,1,0,0,1,1,1,0,0,0,0,1,0,1,1,n/a,0,n/a,https://libwww.freelibrary.org/locations/andorra-library,NA,Blanche A. Nixon/Cobbs Creek Library,COB,31,31,1.13,1,35,NA,35,50,259,309,37,346,346,30,30,15,75,496,315,195,1006,4,17,1,22,25,225,4,254,43,51,19,113,700,575,242,1517,3,4,3,10,50,107,49,206,0,0,0,0,0,0,0,0,5,4,9,18,170,107,124,401,NA,0,1540,622.8023471,622.8023471,NA,0,9,611.7525265,611.7525265,NA,0,58,1988.640619,1988.640619,NA,0,2,6513.500586,6513.500586,NA,0,13,1687.898409,1687.898409,NA,0,2,6513.500586,6513.500586
40.064104,-75.239471,2,1,Andorra Library,705 East Cathedral Road,Philadelphia,PA,19128-2106,Henry Ave. & Cathedral Rd.,215-685-2552,n/a,13:00,17:00,10:00,18:00,12:00:00,20:00:00,10:00:00,18:00:00,12:00:00,20:00:00,10:00,17:00,Closed,Closed,Andorra Library,0,1,0,0,1,1,0,0,1,1,1,1,0,1,1,1,1,0,1,0,0,1,0,1,1,http://www.facebook.com/AndorraBranch,0,n/a,https://libwww.freelibrary.org/locations/andorra-library,NA,Andorra Library,AND,34,34,4,2,53,83,136,39,85,124,38,162,162,0,2,0,2,0,60,0,60,0,2,0,2,0,66,0,66,16,63,59,138,151,1249,1462,2862,0,5,1,6,0,164,31,195,0,0,1,1,0,0,23,23,1,7,3,11,44,235,89,368,NA,0,719,169.9301903,169.9301903,NA,0,187,1209.711535,1209.711535,NA,0,2,11381.24052,11381.24052,NA,0,12,22714.96497,22714.96497,NA,0,32,11272.98841,11272.98841,NA,0,12,22714.96497,22714.96497
40.038228,-75.078597,3,2,Bushrod Library,6304 Castor Avenue,Philadelphia,PA,19149-2731,Castor Ave. & Stirling St.,215-685-1471,n/a,Closed,Closed,10:00,18:00,12:00:00,20:00:00,10:00:00,18:00:00,12:00:00,20:00:00,10:00,17:00,Closed,Closed,Bushrod,1,1,0,0,1,0,0,0,1,0,1,1,0,0,1,1,1,0,0,0,1,0,0,1,1,https://www.facebook.com/BushrodLibrary,0,n/a,https://libwww.freelibrary.org/locations/bushrod-library,NA,Bushrod,BHR,40,37,6.03,3,115,108,223,NA,NA,367,7,7,374,0,4,0,4,0,124,0,124,0,0,14,14,0,0,182,182,7,36,26,69,109,857,357,1323,0,0,0,0,0,0,0,0,0,0,1,1,0,0,19,19,0,2,1,3,0,29,19,48,NA,0,1239,359.8926812,359.8926812,NA,0,147,1270.566562,1270.566562,NA,0,29,2264.957824,2264.957824,NA,0,11,2951.440093,2951.440093,NA,0,43,2386.956161,2386.956161,NA,0,11,2951.440093,2951.440093
40.108254,-75.026336,4,3,Bustleton Library,10199 Bustleton Avenue,Philadelphia,PA,19116-3718,Verree Rd. & Bustleton Ave.,215-685-0472,n/a,13:00,17:00,12:00,20:00,10:00:00,18:00:00,12:00:00,20:00:00,10:00:00,18:00:00,10:00,17:00,10:00,17:00,Bustleton Library,1,1,1,1,1,0,0,0,1,1,1,1,0,1,1,1,1,0,0,0,1,0,0,1,1,https://www.facebook.com/Bustleton-Branch-Free-Library-of-Philadelphia-110352662374069/,1,n/a,https://libwww.freelibrary.org/locations/bustleton-library,NA,Bustleton Library,BUS,28,28,7.18,7,75,126,201,128,236,364,93,457,457,1,0,0,1,60,0,0,60,0,0,1,1,0,0,27,27,10,6,2,18,133,56,31,220,2,0,0,2,45,0,0,45,1,1,0,2,16,97,0,113,4,4,0,8,68,136,0,204,NA,0,1384,1211.411208,1211.411208,NA,0,175,2270.027689,2270.027689,NA,0,19,3332.654537,3332.654537,NA,0,6,25972.4396,25972.4396,NA,0,28,2468.758849,2468.758849,NA,0,6,25972.4396,25972.4396
39.98063,-75.172829,5,4,Cecil B. Moore Library,2320 Cecil B. Moore Avenue,Philadelphia,PA,19121-2927,Cecil B. Moore & 23rd Street,"215-685-2766",n/a,Closed,Closed,10:00,18:00,10:00:00,18:00:00,10:00:00,18:00:00,10:00:00,18:00:00,10:00,17:00,10:00,17:00,Cecil B. Moore Library,0,1,1,0,1,0,0,0,1,0,0,0,0,0,1,1,1,0,0,0,1,0,0,0,1,n/a,0,n/a,https://libwww.freelibrary.org/locations/cecil-b-moore-library,NA,Cecil B. Moore Library,CBM,38,35,5.91,4,89,118,207,NA,NA,0,0,0,0,1,4,2,7,24,88,85,197,2,20,2,24,50,253,47,350,40,106,42,188,614,1604,866,3084,12,0,1,13,199,0,12,211,0,0,0,0,0,0,0,0,29,8,13,50,490,122,346,958,NA,0,946,443.1242677,443.1242677,NA,0,366,151.247108,151.247108,NA,0,53,2939.825965,2939.825965,NA,0,3,7257.054397,7257.054397,NA,0,77,151.4611279,151.4611279,NA,0,3,7257.054397,7257.054397
39.964181,-75.190458,6,5,Charles L. Durham Library,3320 Haverford Avenue,Philadelphia,PA,19104-2021,34th St. & Haverford Ave.,215-685-7436,n/a,Closed,Closed,10:00,18:00,11:00:00,19:00:00,10:00:00,18:00:00,11:00:00,19:00:00,10:00,17:00,10:00,17:00,Charles L. Durham Library,0,1,1,0,1,0,0,0,1,0,0,0,0,0,1,1,0,0,0,0,1,0,0,1,1,n/a,1,n/a,https://libwww.freelibrary.org/locations/charles-l-durham-library,NA,Charles L. Durham Library,DUR,14,11,1,1,11,NA,11,57,77,134,4,138,138,14,5,1,0,216,91,18,325,1,0,6,7,10,0,102,112,33,16,50,99,524,300,752,1576,9,3,0,12,144,64,0,208,0,0,0,0,0,0,0,0,10,9,1,20,164,149,17,330,NA,0,545,18.49102239,18.49102239,NA,0,1031,445.7245586,445.7245586,NA,0,41,820.4465331,820.4465331,NA,0,0,590.4037115,590.4037115,NA,0,48,655.3489287,655.3489287,NA,0,0,590.4037115,590.4037115
39.937395,-75.154969,7,6,Charles Santore Library,932 South 7th Street,Philadelphia,PA,19147-2932,7th & Carpenter Sts.,"215-686-1766",n/a,Closed,Closed,12:00,20:00,10:00:00,18:00:00,12:00:00,20:00:00,10:00:00,18:00:00,10:00,17:00,10:00,17:00,Charles Santore Library,1,1,1,1,1,0,0,0,1,1,1,1,0,0,1,1,1,0,0,0,1,0,0,1,1,https://www.facebook.com/CharlesSantoreLibrary/,0,n/a,https://libwww.freelibrary.org/locations/charles-santore-library,NA,Charles Santore Library,SAN,14,1,5,5,NA,5,5,120,355,475,11,486,486,1,0,0,20,20,0,0,20,9,17,29,55,433,917,1329,2679,144,154,223,521,7274,8290,10024,25588,0,0,4,4,0,0,229,229,0,0,11,11,0,0,672,672,30,32,63,125,1133,1343,3161,5637,NA,0,174,1054.272618,1054.272618,NA,0,405,768.9230157,768.9230157,NA,0,63,2364.599836,2364.599836,NA,0,5,5239.801492,5239.801492,NA,0,54,1853.502976,1853.502976,NA,0,5,5239.801492,5239.801492
40.077255,-75.208755,8,7,Chestnut Hill Library,8711 Germantown Avenue,Philadelphia,PA,19118-2716,Germantown Ave. & Bethlehem Pike,"215-685-9290",n/a,Closed,Closed,13:00,21:00,10:00:00,18:00:00,13:00:00,21:00:00,10:00:00,18:00:00,10:00,17:00,10:00,17:00,Chestnut Hill Library,0,1,1,1,1,0,0,0,1,1,0,0,0,0,1,1,1,0,0,0,0,0,1,1,1,https://www.facebook.com/FLPChestnutHill/,1,n/a,https://libwww.freelibrary.org/locations/chestnut-hill-library,NA,Chestnut Hill Library,CHH,28,27,7.78,4,72,138,210,59,166,225,6,231,231,4,22,0,1,96,388,0,484,0,0,0,0,0,0,0,0,82,112,81,275,1766,2635,1933,6334,0,1,0,1,0,17,0,17,2,0,0,2,41,0,0,41,2,4,1,7,41,52,40,133,NA,0,1458,251.4417909,251.4417909,NA,0,246,1382.562446,1382.562446,NA,0,25,1740.064406,1740.064406,NA,0,12,7406.213488,7406.213488,NA,0,5,2502.924873,2502.924873,NA,0,12,7406.213488,7406.213488
40.046762,-75.150895,9,8,David Cohen Ogontz Library,6017 Ogontz Avenue,Philadelphia,PA,19141,Church Lane & Ogontz Ave.,215-685-3566,n/a,Closed,Closed,12:00,20:00,10:00:00,18:00:00,12:00:00,20:00:00,10:00:00,18:00:00,10:00,17:00,Closed,Closed,David Cohen Ogontz Library,0,1,0,0,1,0,0,0,0,0,0,1,0,0,1,1,1,0,0,0,0,0,0,0,1,n/a,0,n/a,https://libwww.freelibrary.org/locations/david-cohen-ogontz-library,NA,David Cohen Ogontz Library,OGN,25,19,3,1,31,26,57,32,179,211,15,226,226,0,1,0,26,0,21,0,21,4,1,0,5,64,15,0,79,43,20,7,70,543,293,125,961,0,1,0,1,0,44,0,44,1,0,0,1,30,0,0,30,1,6,3,10,30,217,169,416,NA,0,839,18.13974984,18.13974984,NA,0,140,1683.363431,1683.363431,NA,0,24,15424.67132,15424.67132,NA,0,12,19666.64321,19666.64321,NA,0,74,2198.54344,2198.54344,NA,0,12,19666.64321,19666.64321
39.9059349,-75.2403309,10,9,Eastwick Library,2851 Island Avenue,Philadelphia,PA,19153-2314,Island Ave. & Lindbergh Blvd.,215-685-4170,n/a,Closed,Closed,12:00,20:00,10:00:00,18:00:00,12:00:00,20:00:00,10:00:00,18:00:00,10:00,17:00,10:00,17:00,Eastwick Library,0,1,0,0,1,0,0,0,1,0,0,1,0,0,1,1,1,0,0,0,0,0,0,0,1,n/a,0,n/a,https://libwww.freelibrary.org/locations/eastwick-library,NA,Eastwick Library,ESW,28,NA,NA,NA,NA,NA,NA,56,177,233,94,327,327,43,39,15,1,508,315,250,1073,6,6,3,15,37,87,30,154,70,53,50,173,643,441,620,1704,1,0,10,11,26,0,95,121,0,0,0,0,0,0,0,0,1,0,15,16,26,0,146,172,NA,0,301,313.5075457,313.5075457,NA,0,129,599.271032,599.271032,NA,0,32,4774.007521,4774.007521,NA,0,14,9819.491971,9819.491971,NA,0,22,4831.767889,4831.767889,NA,0,14,9819.491971,9819.491971
40.014201,-75.191874,11,10,Falls of Schuylkill Library,3501 Midvale Avenue,Philadelphia,PA,19129-1633,Warden Dr. & Midvale Ave.,"215-685-2093",n/a,Closed,Closed,12:00,20:00,10:00:00,18:00:00,12:00:00,20:00:00,10:00:00,18:00:00,10:00,17:00,10:00,17:00,Falls of Schuylkill Library,0,1,1,0,1,0,0,0,1,1,0,1,0,0,1,1,1,0,0,0,0,1,0,1,1,n/a,1,n/a,https://libwww.freelibrary.org/locations/falls-of-schuylkill-library,NA,Falls of Schuylkill Library,FAL,51,31,6,6,93,93,186,57,125,182,0,182,182,19,3,11,97,328,35,184,547,8,25,2,35,194,1050,54,1298,222,131,84,437,4633,3421,1843,9897,0,4,2,6,0,73,41,114,0,0,0,0,0,0,0,0,0,4,4,8,0,73,85,158,NA,0,365,203.4661426,203.4661426,NA,0,306,106.3817508,106.3817508,NA,0,49,161.4113989,161.4113989,NA,0,13,7434.224953,7434.224953,NA,0,23,146.4399233,146.4399233,NA,0,13,7434.224953,7434.224953
39.971787,-75.127347,12,11,Fishtown Community Library,1217 East Montgomery Avenue,Philadelphia,PA,19125-3445,Montgomery Ave. & Flora St.,215-685-9990,n/a,Closed,Closed,12:00,20:00,10:00:00,18:00:00,12:00:00,20:00:00,10:00:00,18:00:00,10:00,17:00,10:00,17:00,Fishtown Community Library,temp closed - 12/03/2016 - due to lack of heat,NA,NA,NA,NA,NA,NA,NA,NA,NA,NA,NA,NA,NA,NA,NA,NA,NA,NA,NA,NA,NA,NA,NA,NA,https://www.facebook.com/Fishtown-Community-Branch-120759407984313/,1,n/a,https://libwww.freelibrary.org/locations/fishtown-community-library,NA,Fishtown Community Library,FSH,22,NA,NA,NA,NA,NA,NA,58,112,170,55,225,225,0,0,1,33,0,0,10,10,0,0,1,1,0,0,33,33,2,46,66,114,53,1005,1949,3007,0,0,8,8,0,0,117,117,0,0,5,5,0,0,73,73,44,45,65,154,641,674,996,2311,NA,0,1634,1533.930862,1533.930862,NA,0,206,1521.36162,1521.36162,NA,0,13,6310.412597,6310.412597,NA,0,10,8775.656248,8775.656248,NA,0,31,8162.215256,8162.215256,NA,0,10,8775.656248,8775.656248
40.07656,-75.082501,13,12,Fox Chase Library,501 Rhawn Street,Philadelphia,PA,19111-2504,Rhawn & Jeanes Sts.,215-685-0547,n/a,Closed,Closed,12:00,20:00,10:00:00,18:00:00,12:00:00,20:00:00,10:00:00,18:00:00,10:00,17:00,Closed,Closed,Fox Chase Library,temp closed - 12/05/2016 - due to building repair,NA,NA,NA,NA,NA,NA,NA,NA,NA,NA,NA,NA,NA,NA,NA,NA,NA,NA,NA,NA,NA,NA,NA,NA,https://www.facebook.com/FoxChaseLibrary,1,n/a,https://libwww.freelibrary.org/locations/fox-chase-library,NA,Fox Chase Library,FOX,NA,NA,NA,NA,NA,NA,NA,132,471,603,70,673,673,0,0,0,1,0,0,0,0,1,7,5,13,12,209,58,279,25,35,36,96,542,624,625,1791,3,0,0,3,85,0,0,85,0,0,0,0,0,0,0,0,11,17,16,44,353,539,563,1455,NA,0,83,42.57822803,42.57822803,NA,0,420,189.1127432,189.1127432,NA,0,20,1034.20592,1034.20592,NA,0,6,7842.045081,7842.045081,NA,0,26,667.9183601,667.9183601,NA,0,6,7842.045081,7842.045081
40.015615,-75.084747,14,13,Frankford Library,4634 Frankford Avenue,Philadelphia,PA,19124-5804,"Frankford Ave. & Overington St.",215-685-1473,n/a,Closed,Closed,11:00,19:00,10:00:00,18:00:00,11:00:00,19:00:00,10:00:00,18:00:00,10:00,17:00,10:00,17:00,Frankford Library,0,1,0,0,1,0,0,0,1,1,0,1,0,0,1,1,1,0,0,0,0,1,1,1,1,https://www.facebook.com/FrankfordLibrary,1,n/a,https://libwww.freelibrary.org/locations/frankford-library,NA,Frankford Library,FRK,5,NA,NA,NA,NA,NA,NA,7,65,72,29,101,101,0,0,0,0,0,0,0,0,2,1,0,3,54,30,0,84,42,40,3,85,722,704,34,1460,1,0,0,1,24,0,0,24,0,0,0,0,0,0,0,0,6,0,0,6,104,0,0,104,NA,0,1008,413.202137,413.202137,NA,0,287,1064.247949,1064.247949,NA,0,31,2845.242785,2845.242785,NA,0,5,3600.93793,3600.93793,NA,0,30,1544.908242,1544.908242,NA,0,5,3600.93793,3600.93793
39.9197077,-75.1703664,15,14,Fumo Family Library,2437 South Broad Street,Philadelphia,PA,19148-3508,Ritner & Broad St.,215-685-1758,n/a,Closed,Closed,12:00,20:00,10:00:00,18:00:00,12:00:00,20:00:00,10:00:00,18:00:00,10:00,17:00,10:00,17:00,Fumo Family Library,0,1,1,1,1,1,0,0,1,0,1,1,0,0,1,1,1,0,0,0,0,0,1,1,1,https://www.facebook.com/FumoFamilyLibrary/,1,https://twitter.com/FumoFamLibrary,https://libwww.freelibrary.org/locations/fumo-family-library,NA,Fumo Family Library,FFB,33,33,8.18,8,130,140,270,6,11,17,0,17,17,0,0,0,0,0,0,0,0,3,7,0,10,71,136,0,207,143,89,109,341,2453,1866,2551,6870,3,0,0,3,51,0,0,51,0,0,0,0,0,0,0,0,12,4,5,21,288,52,323,663,NA,0,1620,277.7227811,277.7227811,NA,0,9,199.1421047,199.1421047,NA,0,52,4256.720916,4256.720916,NA,0,2,2665.312092,2665.312092,NA,0,55,2730.446524,2730.446524,NA,0,2,2665.312092,2665.312092
40.034744,-75.130879,16,15,Greater Olney Library,5501 North 5th Street,Philadelphia,PA,19120-2805,5th St. and Tabor Rd.,215-685-2846,n/a,Closed,Closed,12:00,20:00,10:00:00,18:00:00,12:00:00,20:00:00,10:00:00,18:00:00,10:00,17:00,10:00,17:00,Greater Olney Library,0,1,1,1,1,0,0,0,1,0,1,1,1,0,1,1,1,0,0,0,0,0,1,1,1,https://www.facebook.com/GreaterOlneyBranch,0,n/a,https://libwww.freelibrary.org/locations/greater-olney-library,NA,Greater Olney Library,GRO,NA,NA,NA,NA,NA,NA,NA,259,568,827,27,854,854,0,3,156,0,0,21,1721,1742,1,2,4,7,9,52,108,169,8,27,220,255,69,209,2649,2927,0,28,28,56,0,819,827,1646,0,1,0,1,0,33,0,33,0,32,28,60,0,964,827,1791,NA,0,387,236.3716217,236.3716217,NA,0,188,1803.08787,1803.08787,NA,0,0,2044.785917,2044.785917,NA,0,9,4279.947153,4279.947153,NA,0,11,2531.875374,2531.875374,NA,0,9,4279.947153,4279.947153
39.970048,-75.249346,17,16,Haddington Library,446 North 65th Street,Philadelphia,PA,19151-4003,"65th St. & Girard Ave.",215-685-1970,n/a,Closed,Closed,10:00,18:00,11:00:00,19:00:00,10:00:00,18:00:00,11:00:00,19:00:00,10:00,17:00,10:00,17:00,Haddington Library,0,1,1,0,0,0,0,0,1,1,1,0,0,0,1,1,1,0,0,0,0,1,0,1,1,n/a,1,n/a,https://libwww.freelibrary.org/locations/haddington-library,NA,Haddington Library,HAD,130,127,3.46,2,210,229,439,51,263,314,26,340,340,26,13,34,159,261,160,524,945,3,11,11,25,19,128,88,235,37,24,49,110,336,288,675,1299,0,0,1,1,0,0,20,20,0,0,0,0,0,0,0,0,0,0,1,1,0,0,20,20,NA,0,735,52.98011809,52.98011809,NA,0,386,623.9993548,623.9993548,NA,0,6,3029.730287,3029.730287,NA,0,11,6343.204612,6343.204612,NA,0,64,3023.715321,3023.715321,NA,0,11,6343.204612,6343.204612
39.967325,-75.231355,18,17,Haverford Library,5543 Haverford Avenue,Philadelphia,PA,19139-1432,56th St. & Haverford Ave.,"215-685-1964",n/a,Closed,Closed,12:00,20:00,10:00:00,18:00:00,12:00:00,20:00:00,10:00:00,18:00:00,10:00,17:00,10:00,17:00,Haverford Library,0,1,1,0,1,0,0,0,1,1,1,1,0,0,1,1,1,0,0,0,0,1,0,0,1,n/a,0,n/a,https://libwww.freelibrary.org/locations/haverford-library,NA,Haverford Library,HAV,NA,NA,NA,NA,NA,NA,NA,52,103,155,99,254,254,9,4,1,73,95,58,9,162,1,5,0,6,3,107,0,110,21,15,7,43,158,192,90,440,10,5,3,18,246,118,37,401,0,0,0,0,0,0,0,0,10,6,20,36,246,142,364,752,NA,0,673,332.621575,332.621575,NA,0,152,777.1082274,777.1082274,NA,0,52,969.063715,969.063715,NA,0,1,3196.734138,3196.734138,NA,0,62,852.7559192,852.7559192,NA,0,1,3196.734138,3196.734138
40.040293,-75.031184,19,18,Holmesburg Library,7810 Frankford Avenue,Philadelphia,PA,19136-3013,Frankford Ave. & Hartel St.,215-685-8756,n/a,Closed,Closed,12:00,20:00,10:00:00,18:00:00,12:00:00,20:00:00,10:00:00,18:00:00,10:00,17:00,10:00,17:00,Holmesburg Library,0,1,0,0,1,0,0,0,1,0,0,1,0,0,1,1,1,0,0,0,1,0,0,1,1,n/a,0,n/a,https://libwww.freelibrary.org/locations/holmesburg-library,NA,Holmesburg Library,HOL,46,32,6.25,6,73,127,200,52,268,320,5,325,325,0,0,0,14,0,0,0,0,0,4,3,7,0,126,135,261,16,13,6,35,317,296,228,841,3,0,0,3,80,0,0,80,0,1,0,1,0,12,0,12,26,21,5,52,660,518,110,1288,NA,0,220,95.20828764,95.20828764,NA,0,151,300.5443291,300.5443291,NA,0,74,4534.053506,4534.053506,NA,0,12,1968.448774,1968.448774,NA,0,31,4471.696721,4471.696721,NA,0,12,1968.448774,1968.448774
39.95222,-75.16417,20,19,Independence Library,"18 S. 7th Street",Philadelphia,PA,19106,7th Street between Market & Chestnut,"215-685-1633",n/a,Closed,Closed,12:00,20:00,10:00:00,18:00:00,12:00:00,20:00:00,10:00:00,18:00:00,10:00,17:00,10:00,17:00,Independence Library,1,0,0,1,1,0,0,0,1,0,1,1,0,0,1,1,1,0,1,1,0,0,1,1,1,https://www.facebook.com/IndependenceBranch,0,https://twitter.com/independencebr,https://libwww.freelibrary.org/locations/independence-library,NA,Independence Library,IND,NA,NA,NA,NA,NA,NA,NA,207,698,905,22,927,927,0,0,0,0,0,0,0,0,1,16,17,34,15,295,415,725,62,83,78,223,2285,2443,1698,6426,1,0,0,1,16,0,0,16,3,1,3,7,60,30,90,180,54,38,49,141,990,620,1010,2620,NA,0,737,223.0093244,223.0093244,NA,0,504,0,0,NA,0,55,5113.981318,5113.981318,NA,0,3,7643.16654,7643.16654,NA,0,67,2576.612,2576.612,NA,0,3,7643.16654,7643.16654
40.034635,-75.175942,21,20,Joseph E. Coleman Northwest Regional Library,68 West Chelten Avenue,Philadelphia,PA,19144-2795,"Greene St. & Chelten Ave.",215-685-2150,n/a,13:00,17:00,Closed,Closed,12:00:00,20:00:00,12:00:00,20:00:00,10:00:00,18:00:00,10:00,17:00,10:00,17:00,Joseph E. Coleman Northwest Regional Library,1,1,1,1,1,1,1,1,1,1,1,1,0,0,1,1,1,0,0,0,0,1,1,1,1,n/a,1,n/a,https://libwww.freelibrary.org/locations/joseph-e-coleman-northwest-regional-library,NA,Joseph E. Coleman Northwest Regional Library,JEC,NA,NA,NA,NA,NA,NA,NA,71,248,319,75,394,394,0,0,0,0,0,0,0,0,0,0,1,1,0,0,75,75,72,87,98,257,1311,2031,1494,4836,0,0,0,0,0,0,0,0,0,0,0,0,0,0,0,0,0,0,0,0,0,0,0,0,NA,0,544,39.24775028,39.24775028,NA,0,213,1726.879788,1726.879788,NA,0,27,3378.650709,3378.650709,NA,0,15,2945.75633,2945.75633,NA,0,58,3544.901895,3544.901895,NA,0,15,2945.75633,2945.75633
40.081476,-74.976277,22,21,Katharine Drexel Library,11099 Knights Road,Philadelphia,PA,19154-3516,Knights & Fairdale Rds.,215-685-9383,n/a,Closed,Closed,12:00,20:00,10:00:00,18:00:00,12:00:00,20:00:00,10:00:00,18:00:00,10:00,17:00,10:00,17:00,Katharine Drexel Library,0,1,0,0,1,0,0,0,1,0,1,1,0,1,1,1,1,0,0,0,0,1,0,1,1,n/a,0,n/a,https://libwww.freelibrary.org/locations/katharine-drexel-library,NA,Katharine Drexel Library,KDR,NA,NA,NA,NA,NA,NA,NA,NA,NA,281,16,16,297,0,0,0,0,0,0,0,0,2,0,3,5,51,0,56,107,25,14,14,53,251,173,221,645,0,1,2,3,0,28,33,61,0,1,0,1,0,12,0,12,7,29,21,57,164,721,549,1434,NA,0,881,287.9571484,287.9571484,NA,0,123,133.7557549,133.7557549,NA,0,21,6500.652412,6500.652412,NA,0,15,24263.87534,24263.87534,NA,0,24,5677.93146,5677.93146,NA,0,15,24263.87534,24263.87534
39.984832,-75.132556,23,22,Kensington Library,104 West Dauphin Street,Philadelphia,PA,19133-3701,Hope & Dauphin Sts.,215-685-9996,n/a,Closed,Closed,10:00,18:00,10:00:00,18:00:00,10:00:00,18:00:00,10:00:00,18:00:00,10:00,17:00,10:00,17:00,Kensington Library,0,1,0,0,0,0,0,0,0,0,0,0,0,0,0,0,0,0,0,0,0,0,0,0,0,n/a,0,n/a,https://libwww.freelibrary.org/locations/kensington-library,NA,Kensington Library,KEN,29,12,1.5,1.5,18,NA,18,52,188,240,16,256,256,0,0,0,0,0,0,0,0,0,0,1,1,0,0,5,5,51,74,58,183,906,955,860,2721,0,0,0,0,0,0,0,0,0,0,1,1,0,0,11,11,0,0,2,2,0,0,14,14,NA,0,802,537.2704823,537.2704823,NA,0,174,672.7420086,672.7420086,NA,0,34,1325.099543,1325.099543,NA,0,8,2902.055638,2902.055638,NA,0,50,2208.27018,2208.27018,NA,0,8,2902.055638,2902.055638
39.942406,-75.219037,24,23,Kingsessing Library,"1201 South 51st Street",Philadelphia,PA,19143-4353,"5lst St. between Kingsessing and Chester Avenues",215-685-2690,n/a,Closed,Closed,10:00,18:00,11:00:00,19:00:00,10:00:00,18:00:00,11:00:00,19:00:00,10:00,17:00,10:00,17:00,Kingsessing Library,0,1,0,0,1,0,0,0,1,0,0,1,0,0,1,1,1,0,0,0,0,1,0,0,1,n/a,0,n/a,https://libwww.freelibrary.org/locations/kingsessing-library,NA,Kingsessing Library,KNG,16,5,1,1,NA,5,5,59,219,278,78,356,356,0,2,0,0,0,38,0,38,0,1,0,1,0,15,0,15,40,8,24,72,487,108,249,844,0,13,2,15,0,368,49,417,2,0,1,3,46,0,26,72,18,23,35,76,396,560,618,1574,NA,0,986,214.6985944,214.6985944,NA,0,1035,51.66315981,51.66315981,NA,0,60,943.9859002,943.9859002,NA,0,14,5192.885544,5192.885544,NA,0,34,656.8386225,656.8386225,NA,0,14,5192.885544,5192.885544
40.046056,-75.099564,25,24,Lawncrest Library,"6098 Rising Sun Avenue",Philadelphia,PA,19111-6009,"Rising Sun Ave. & Comly Street",215-685-0549,n/a,Closed,Closed,10:00,18:00,12:00:00,20:00:00,10:00:00,18:00:00,12:00:00,20:00:00,Closed,Closed,10:00,17:00,Lawncrest Library,0,1,0,1,1,0,0,0,1,0,0,1,0,0,1,1,1,0,0,0,0,1,0,1,1,https://www.facebook.com/Lawncrest-Branch-Free-Library-of-Philadelphia-181725098541402/,1,n/a,https://libwww.freelibrary.org/locations/lawncrest-library,NA,Lawncrest Library,LWN,69,47,4.6,3,118,98,216,184,310,494,33,527,527,0,0,0,2,0,0,0,0,3,5,7,15,130,254,371,755,34,38,40,112,876,1708,2060,4644,0,0,0,0,0,0,0,0,2,2,3,7,44,28,72,144,29,41,20,90,745,907,413,2065,NA,0,9,44.73940535,44.73940535,NA,0,168,897.1692692,897.1692692,NA,0,63,4021.730124,4021.730124,NA,0,3,7797.093973,7797.093973,NA,0,67,2213.385845,2213.385845,NA,0,3,7797.093973,7797.093973
39.948394,-75.156646,26,25,Library for the Blind and Physically Handicapped,919 Walnut Street,Philadelphia,PA,19107,between 9th and 10th Streets,215-683-3213,n/a,Closed,Closed,9:00,17:00,9:00:00,17:00:00,9:00:00,17:00:00,9:00:00,17:00:00,9:00,17:00,Closed,Closed,Library for the Blind and Physically Handicapped,1,0,0,0,0,0,0,0,0,0,0,0,0,0,0,0,0,0,0,0,0,0,0,0,0,https://www.facebook.com/lbphflp/,0,n/a,https://libwww.freelibrary.org/locations/library-for-the-blind-and-physically-handicapped,NA,Library for the Blind and Physically Handicapped,LBPH,NA,NA,NA,NA,NA,NA,NA,0,8,8,3,11,11,0,0,0,0,0,0,0,0,0,0,0,0,0,0,0,0,0,0,1,1,0,0,12,12,0,0,0,0,0,0,0,0,0,0,0,0,0,0,0,0,0,7,1,8,0,38,8,46,NA,0,1126,588.9976942,588.9976942,NA,0,309,830.4131554,830.4131554,NA,0,0,3388.862711,3388.862711,NA,0,9,1870.42532,1870.42532,NA,0,11,3413.285391,3413.285391,NA,0,9,1870.42532,1870.42532
39.992343,-75.142173,27,26,Lillian Marrero Library,601 West Lehigh Avenue,Philadelphia,PA,19133-2228,"6th St. & Lehigh Ave.",NA,10/1/17,Closed,Closed,10:00,18:00,10:00:00,18:00:00,10:00:00,18:00:00,10:00:00,18:00:00,10:00,17:00,10:00,17:00,Lillian Marrero Library,temp closed - 10/01/2017 - due to building renovation,NA,NA,NA,NA,NA,NA,NA,NA,NA,NA,NA,NA,NA,NA,NA,NA,NA,NA,NA,NA,NA,NA,NA,NA,NA,NA,NA,https://libwww.freelibrary.org/locations/lillian-marrero-library,NA,Lillian Marrero Library,LMB,NA,NA,NA,NA,NA,NA,NA,NA,NA,0,NA,0,0,1,0,3,0,26,0,20,46,1,6,4,11,9,69,25,103,45,25,29,99,328,271,207,806,1,0,0,1,40,0,0,40,11,0,0,11,550,0,0,550,17,2,0,19,742,51,0,793,NA,0,114,478.1814208,478.1814208,NA,0,109,24.81674541,24.81674541,NA,0,26,449.5513384,449.5513384,NA,0,6,4519.5517,4519.5517,NA,0,35,543.9555041,543.9555041,NA,0,6,4519.5517,4519.5517
40.031457,-75.145342,28,27,Logan Library,1333 Wagner Avenue,Philadelphia,PA,19141-2916,Wagner Ave. & Old York Rd.,NA,10/1/17,Closed,Closed,10:00,18:00,10:00:00,18:00:00,10:00:00,18:00:00,10:00:00,18:00:00,10:00,17:00,10:00,17:00,Logan Library,temp closed - 10/01/2017 - due to building renovation,NA,NA,NA,NA,NA,NA,NA,NA,NA,NA,NA,NA,NA,NA,NA,NA,NA,NA,NA,NA,NA,NA,NA,NA,NA,NA,NA,https://libwww.freelibrary.org/locations/logan-library,NA,Logan Library,LOG,18,10,1.4,1,12,2,14,NA,NA,0,NA,0,0,6,0,0,4,133,0,0,133,1,12,7,20,0,69,30,99,66,34,20,120,798,419,90,1307,1,0,0,1,16,0,0,16,0,0,0,0,0,0,0,0,5,2,1,8,60,19,40,119,NA,0,977,176.9944951,176.9944951,NA,0,264,714.796526,714.796526,NA,0,17,2548.091849,2548.091849,NA,0,4,2206.947741,2206.947741,NA,0,50,1657.528596,1657.528596,NA,0,4,2206.947741,2206.947741
39.957714,-75.225351,29,28,Lovett Memorial Library,6945 Germantown Avenue,Philadelphia,PA,19119-2189,Germantown Ave. & Sedgwick St.,NA,10/1/17,13:00,17:00,10:00,18:00,12:00:00,20:00:00,10:00:00,18:00:00,12:00:00,20:00:00,10:00,17:00,10:00,17:00,Lovett Memorial Library,temp closed - 10/01/2017 - due to building renovation,NA,NA,NA,NA,NA,NA,NA,NA,NA,NA,NA,NA,NA,NA,NA,NA,NA,NA,NA,NA,NA,NA,NA,NA,NA,NA,NA,https://libwww.freelibrary.org/locations/lovett-memorial-library,NA,Lovett Memorial Library,LOV,51,50,4.1,3,131,74,205,NA,NA,0,NA,0,0,0,0,0,6,0,0,0,0,0,5,0,5,0,71,0,71,34,57,30,121,308,604,310,1222,0,0,0,0,0,0,0,0,0,0,0,0,0,0,0,0,3,0,0,3,45,0,0,45,NA,0,733,933.1477593,933.1477593,NA,0,313,80.27033864,80.27033864,NA,0,74,6464.131532,6464.131532,NA,0,12,9997.359476,9997.359476,NA,0,39,3569.986299,3569.986299,NA,0,12,9997.359476,9997.359476
40.05605,-75.187614,30,29,Lucien E. Blackwell West Philadelphia Regional Library,125 South 52nd Street,Philadelphia,PA,19139-3408,West Phila. Regional 52nd & Sansom Sts.,NA,3/30/17,Closed,Closed,10:00,18:00,11:00:00,19:00:00,10:00:00,18:00:00,11:00:00,19:00:00,10:00,17:00,10:00,17:00,Lucien E. Blackwell West Philadelphia Regional Library,temp closed - 03/30/2017 - due to building repairs,NA,NA,NA,NA,NA,NA,NA,NA,NA,NA,NA,NA,NA,NA,NA,NA,NA,NA,NA,NA,NA,NA,NA,NA,NA,NA,NA,https://libwww.freelibrary.org/locations/lucien-e-blackwell-west-philadelphia-regional-library,NA,Lucien E. Blackwell West Philadelphia Regional Library,BRL,62,NA,NA,NA,NA,NA,NA,NA,NA,0,NA,0,0,17,25,0,0,295,312,0,607,0,0,0,0,0,0,0,0,56,59,40,155,823,643,514,1980,8,6,2,16,143,139,65,347,0,0,0,0,0,0,0,0,11,10,11,32,199,204,244,647,NA,0,1427,84.80839126,84.80839126,NA,0,179,1445.922863,1445.922863,NA,0,57,3850.710513,3850.710513,NA,0,2,6355.721921,6355.721921,NA,0,75,3407.428669,3407.428669,NA,0,2,6355.721921,6355.721921
39.994168,-75.119989,31,30,McPherson Square Library,"601 East Indiana Avenue",Philadelphia,PA,19134-3042,"Indiana Ave. & ""F"" St.",215-685-9995,n/a,Closed,Closed,10:00,18:00,10:00:00,18:00:00,10:00:00,18:00:00,10:00:00,18:00:00,10:00,17:00,10:00,17:00,McPherson Square Library,0,1,0,0,0,0,0,0,1,0,0,1,0,0,1,1,1,0,0,0,1,0,0,0,1,n/a,0,n/a,https://libwww.freelibrary.org/locations/mcpherson-square-library,NA,McPherson Square Library,MPS,43,42,8.24,4.5,121,225,346,101,478,579,16,595,595,5,2,3,42,63,25,50,138,0,4,0,4,0,51,0,51,13,9,13,35,358,591,367,1316,0,1,0,1,0,15,0,15,0,0,0,0,0,0,0,0,6,4,0,10,87,57,0,144,NA,0,686,220.060957,220.060957,NA,0,39,1268.642636,1268.642636,NA,0,9,3083.759301,3083.759301,NA,0,4,6296.514366,6296.514366,NA,0,59,4691.303848,4691.303848,NA,0,4,6296.514366,6296.514366
40.009003,-75.151307,32,31,Nicetown-Tioga Library,3720 North Broad Street,Philadelphia,PA,19140-3608,Broad St. & Erie Ave.,215-685-9790,n/a,Closed,Closed,10:00,18:00,10:00:00,18:00:00,10:00:00,18:00:00,10:00:00,18:00:00,10:00,17:00,10:00,17:00,Nicetown-Tioga Library,0,1,0,0,0,0,0,0,1,0,0,1,0,0,1,1,1,0,0,0,0,0,1,0,1,n/a,0,n/a,https://libwww.freelibrary.org/locations/nicetown-tioga-library,NA,Nicetown-Tioga Library,NIC,56,57,3.14,1,95,84,179,59,156,215,17,232,232,0,0,21,10,0,0,320,320,3,7,0,10,115,273,0,388,30,12,55,97,1023,341,1203,2567,0,0,0,0,0,0,0,0,0,0,0,0,0,0,0,0,1,0,5,6,47,0,137,184,NA,0,171,1381.294481,1381.294481,NA,0,176,2.225689558,2.225689558,NA,0,14,2419.174646,2419.174646,NA,0,7,3266.399933,3266.399933,NA,0,45,2361.664256,2361.664256,NA,0,7,3266.399933,3266.399933
40.048987,-75.062095,33,32,Northeast Regional Library,2228 Cottman Avenue,Philadelphia,PA,19149-1297,Cottman Ave. & Oakland St.,"215-685-0522",n/a,13:00,17:00,Closed,Closed,12:00:00,20:00:00,12:00:00,20:00:00,10:00:00,18:00:00,10:00,17:00,10:00,17:00,Northeast Regional Library,1,1,1,1,1,1,1,1,1,0,0,1,0,0,1,1,1,1,0,1,1,1,0,1,1,https://www.facebook.com/NERLPhila/,0,n/a,https://libwww.freelibrary.org/locations/northeast-regional-library,NA,Northeast Regional Library,NER,62,50,5.02,4,111,140,251,95,484,579,42,621,621,0,0,0,21,0,0,0,0,0,2,0,2,0,18,0,18,19,12,10,41,171,209,74,454,0,0,0,0,0,0,0,0,0,1,1,2,0,24,25,49,52,23,25,100,691,353,426,1470,NA,0,315,1065.877869,1065.877869,NA,0,158,1893.648954,1893.648954,NA,0,29,4503.066697,4503.066697,NA,0,6,8096.520423,8096.520423,NA,0,43,4189.792741,4189.792741,NA,0,6,8096.520423,8096.520423
40.053362,-75.137714,34,33,Oak Lane Library,6614 North 12th Street,Philadelphia,PA,19126-3299,12th St. & Oak Lane,215-685-2848,n/a,Closed,Closed,12:00,20:00,10:00:00,18:00:00,12:00:00,20:00:00,10:00:00,18:00:00,10:00,17:00,Closed,Closed,Oak Lane Library,0,1,0,1,1,0,0,0,1,1,0,1,0,0,1,1,1,0,0,0,0,1,0,1,1,n/a,1,n/a,https://libwww.freelibrary.org/locations/oak-lane-library,NA,Oak Lane Library,OAK,27,NA,NA,NA,NA,NA,NA,NA,NA,0,0,0,0,0,0,0,0,0,0,0,0,3,8,3,14,39,46,21,106,29,24,30,83,179,173,85,437,0,0,0,0,0,0,0,0,0,0,0,0,0,0,0,0,0,0,0,0,0,0,0,0,NA,0,158,493.7313868,493.7313868,NA,0,177,2340.541442,2340.541442,NA,0,25,2779.870835,2779.870835,NA,0,9,9712.637017,9712.637017,NA,0,69,4362.644852,4362.644852,NA,0,9,9712.637017,9712.637017
39.976775,-75.264753,35,34,Overbrook Park Library,7422 Haverford Avenue,Philadelphia,PA,19151-2995,Haverford Ave. & Woodbine St.,215-685-0182,n/a,Closed,Closed,10:00,18:00,11:00:00,19:00:00,10:00:00,18:00:00,11:00:00,19:00:00,10:00,17:00,Closed,Closed,Overbrook Park Library,0,1,0,0,0,0,0,0,0,0,0,0,0,0,0,0,0,0,0,0,0,0,0,0,0,n/a,0,n/a,https://libwww.freelibrary.org/locations/overbrook-park-library,NA,Overbrook Park Library,OVP,40,40,2.1,1,NA,84,84,0,0,297,0,0,297,9,35,0,0,73,446,0,519,0,0,0,0,0,0,0,0,26,53,1,80,229,659,7,895,1,0,0,1,27,0,0,27,0,0,0,0,0,0,0,0,2,0,0,2,57,0,0,57,NA,0,640,320.6450056,320.6450056,NA,0,9,743.1730397,743.1730397,NA,0,52,9016.537444,9016.537444,NA,0,2,7025.802211,7025.802211,NA,0,55,2201.061608,2201.061608,NA,0,2,7025.802211,7025.802211
39.959091,-75.170341,36,35,Parkway Central Library,1901 Vine Street,Philadelphia,PA,19103,"between 19th and 20th Streets on the Parkway",215-686-5322,n/a,13:00,17:00,9:00,21:00,9:00:00,21:00:00,9:00:00,21:00:00,9:00:00,21:00:00,9:00,18:00,9:00,17:00,Parkway Central Library,1,1,0,0,0,0,0,0,0,0,0,0,0,0,0,0,0,0,0,0,0,0,0,0,0,n/a,0,n/a,https://libwww.freelibrary.org/locations/parkway-central-library,NA,Parkway Central Library,CCD,79,NA,NA,NA,NA,NA,NA,856,973,1829,26,1855,1855,0,0,0,44,0,0,0,0,0,0,0,0,0,0,0,0,0,0,0,0,0,0,0,0,0,0,0,0,0,0,0,0,0,0,0,0,0,0,0,0,0,0,0,0,0,0,0,0,NA,0,539,700.9212998,700.9212998,NA,0,163,0,0,NA,0,61,2551.230323,2551.230323,NA,0,3,7423.828002,7423.828002,NA,0,41,2451.590902,2451.590902,NA,0,3,7423.828002,7423.828002
39.921133,-75.240633,37,36,Paschalville Library,6942 Woodland Avenue,Philadelphia,PA,19142-1823,70th St. & Woodland Ave.,215-685-2662,n/a,Closed,Closed,10:00,18:00,11:00:00,19:00:00,10:00:00,18:00:00,11:00:00,19:00:00,10:00,17:00,10:00,17:00,Paschalville Library,temp closed - 12/31/16 - due to lack of heat,NA,NA,NA,NA,NA,NA,NA,NA,NA,NA,NA,NA,NA,NA,NA,NA,NA,NA,NA,NA,NA,NA,NA,NA,NA,NA,NA,https://libwww.freelibrary.org/locations/paschalville-library,NA,Paschalville Library,PAC,NA,NA,NA,NA,NA,NA,NA,15,87,102,0,102,102,5,1,1,7,76,7,6,89,0,0,0,0,0,0,0,0,29,4,18,51,237,25,239,501,8,2,0,10,199,54,0,253,0,0,0,0,0,0,0,0,8,2,3,13,199,54,60,313,NA,0,41,210.4356356,210.4356356,NA,0,189,1651.495649,1651.495649,NA,0,32,3391.10997,3391.10997,NA,0,14,5883.16395,5883.16395,NA,0,44,1961.911385,1961.911385,NA,0,14,5883.16395,5883.16395
39.949259,-75.173039,38,37,Philadelphia City Institute,1905 Locust Street,Philadelphia,PA,19103-5730,19th & Locust on W. Rittenhouse Square,215-685-6621,n/a,Closed,Closed,12:00,20:00,10:00:00,18:00:00,12:00:00,20:00:00,10:00:00,18:00:00,10:00,17:00,10:00,17:00,Philadelphia City Institute,0,1,1,1,1,0,1,0,1,0,0,1,0,0,1,1,1,0,0,0,1,0,0,1,1,https://www.facebook.com/PhiladelphiaCityInstitute/,1,n/a,https://libwww.freelibrary.org/locations/philadelphia-city-institute,NA,Philadelphia City Institute,PCI,33,32,1.66,1,49,4,53,374,193,567,28,595,595,0,0,0,0,0,0,0,0,11,0,1,12,298,0,56,354,100,145,107,352,3836,6291,6504,16631,0,0,0,0,0,0,0,0,2,1,0,3,172,50,0,222,7,3,2,12,428,228,267,923,NA,0,596,1210.578989,1210.578989,NA,0,1043,13.3485865,13.3485865,NA,0,69,2636.883436,2636.883436,NA,0,3,3818.359696,3818.359696,NA,0,14,2706.135058,2706.135058,NA,0,3,3818.359696,3818.359696
39.938077,-75.181838,39,38,Queen Memorial Library,1201 South 23rd Street,Philadelphia,PA,19146-4316,Federal St. between 22nd & 23rd,215-685-1899,n/a,Closed,Closed,10:00,18:00,10:00:00,18:00:00,10:00:00,18:00:00,10:00:00,18:00:00,10:00,17:00,Closed,Closed,Queen Memorial Library,0,1,0,0,1,0,0,0,1,1,1,1,0,0,1,1,1,0,0,0,1,1,0,1,1,https://www.facebook.com/QMB.at.the.FLP/,0,n/a,https://libwww.freelibrary.org/locations/queen-memorial-library,NA,Queen Memorial Library,QMB,NA,NA,NA,NA,NA,NA,NA,63,146,209,20,229,229,0,0,0,0,0,0,0,0,8,6,7,21,87,64,188,339,53,78,54,185,664,947,2123,3734,0,0,0,0,0,0,0,0,0,0,0,0,0,0,0,0,20,8,5,33,420,528,227,1175,NA,0,1623,350.554892,350.554892,NA,0,224,648.1255097,648.1255097,NA,0,64,2276.215487,2276.215487,NA,0,5,8484.565427,8484.565427,NA,0,76,634.6032087,634.6032087,NA,0,5,8484.565427,8484.565427
39.97038,-75.146543,40,39,Ramonita G. de Rodriguez Library,600 West Girard Avenue,Philadelphia,PA,19123-1311,6th St. & Girard Ave.,215-686-1768,n/a,Closed,Closed,11:00,18:00,10:00:00,18:00:00,11:00:00,18:00:00,10:00:00,18:00:00,10:00,17:00,10:00,17:00,Ramonita G. de Rodriguez Library,0,1,0,0,1,0,0,0,1,0,0,1,0,0,1,1,1,0,0,0,1,0,0,0,1,https://www.facebook.com/RodriguezBranch/,0,n/a,https://libwww.freelibrary.org/locations/ramonita-g-de-rodriguez-library,NA,Ramonita G. de Rodriguez Library,RGR,31,39,2.33,2,38,53,91,58,167,225,11,236,236,0,0,0,0,0,0,0,0,1,9,1,11,16,136,17,169,64,77,87,228,726,1202,884,2812,0,0,0,0,0,0,0,0,0,0,0,0,0,0,0,0,4,9,15,28,85,149,270,504,NA,0,870,771.1182034,771.1182034,NA,0,333,117.730763,117.730763,NA,0,38,1428.397384,1428.397384,NA,0,13,850.6572691,850.6572691,NA,0,15,1516.774919,1516.774919,NA,0,13,850.6572691,850.6572691
39.982963,-75.108653,41,40,Richmond Library,"2987 Almond Street",Philadelphia,PA,19134-4955,Indiana Ave. & Almond St.,215-685-9992,n/a,Closed,Closed,12:00,20:00,10:00:00,18:00:00,12:00:00,20:00:00,10:00:00,18:00:00,10:00,17:00,10:00,17:00,Richmond Library,0,1,0,1,1,0,0,0,1,1,1,1,0,0,1,1,1,0,0,0,0,1,0,1,1,https://www.facebook.com/FLPRichmond,1,n/a,https://libwww.freelibrary.org/locations/richmond-library,NA,Richmond Library,RIC,43,42,5.1,4,91,123,214,71,222,293,22,315,315,1,1,1,3,17,30,53,100,0,7,15,22,0,138,265,403,36,54,60,150,486,894,981,2361,0,0,6,6,0,0,125,125,0,1,0,1,0,10,0,10,3,7,7,17,52,155,150,357,NA,0,1670,335.4105473,335.4105473,NA,0,256,951.7385393,951.7385393,NA,0,47,1186.294376,1186.294376,NA,0,3,5356.698027,5356.698027,NA,0,17,978.2525387,978.2525387,NA,0,3,5356.698027,5356.698027
40.03625,-75.218077,42,41,Roxborough Library,"6245 Ridge Avenue",Philadelphia,PA,19128-2630,Ridge Ave. & Hermitage St.,215-685-2550,n/a,Closed,Closed,12:00,20:00,10:00:00,18:00:00,12:00:00,20:00:00,10:00:00,18:00:00,10:00,17:00,Closed,Closed,Roxborough Library,0,1,0,0,1,0,0,0,1,1,0,1,0,0,1,1,1,0,0,0,0,1,0,1,0,n/a,1,n/a,https://libwww.freelibrary.org/locations/roxborough-library,NA,Roxborough Library,ROX,12,19,13.63,21,139,120,259,66,265,331,0,331,331,3,0,0,3,72,0,0,72,0,0,3,3,0,0,114,114,124,127,110,361,4829,5108,3730,13667,1,0,0,1,34,0,0,34,0,0,3,3,0,0,62,62,24,18,23,65,806,842,624,2272,NA,0,332,580.7749166,580.7749166,NA,0,163,792.547327,792.547327,NA,0,61,1973.402847,1973.402847,NA,0,3,8267.78518,8267.78518,NA,0,41,1960.626621,1960.626621,NA,0,3,8267.78518,8267.78518
39.929256,-75.168689,43,42,South Philadelphia Library,1700 South Broad Street,Philadelphia,PA,19145-2392,Broad & Morris Sts.,215-685-1866,n/a,13:00,17:00,12:00,20:00,10:00:00,18:00:00,12:00:00,20:00:00,10:00:00,18:00:00,10:00,17:00,10:00,17:00,South Philadelphia Library,1,1,0,0,0,0,0,0,0,0,0,0,0,0,0,0,0,0,0,0,0,0,0,0,0,n/a,0,n/a,https://libwww.freelibrary.org/locations/south-philadelphia-library,NA,South Philadelphia Library,SPB,NA,NA,NA,NA,NA,NA,NA,72,357,429,155,584,584,0,0,0,0,0,0,0,0,0,0,1,1,0,0,52,52,30,0,4,34,574,0,124,698,0,0,0,0,0,0,0,0,0,0,0,0,0,0,0,0,0,0,0,0,0,0,0,0,NA,0,956,998.2137612,998.2137612,NA,0,292,67.08559841,67.08559841,NA,0,64,3733.821698,3733.821698,NA,0,5,3647.759725,3647.759725,NA,0,30,2335.483861,2335.483861,NA,0,5,3647.759725,3647.759725
40.024643,-75.045766,44,43,Tacony Library,6742 Torresdale Avenue,Philadelphia,PA,19135-2416,Torresdale Ave. & Knorr St.,NA,10/1/17,Closed,Closed,12:00,20:00,10:00:00,18:00:00,12:00:00,20:00:00,10:00:00,18:00:00,10:00,17:00,10:00,17:00,Tacony Library,temp closed - 10/01/2017 - due to building renovation,NA,NA,NA,NA,NA,NA,NA,NA,NA,NA,NA,NA,NA,NA,NA,NA,NA,NA,NA,NA,NA,NA,NA,NA,NA,NA,NA,https://libwww.freelibrary.org/locations/tacony-library,NA,Tacony Library,TAC,24,30,6.83,9,205,NA,205,NA,NA,12530,37,37,12567,0,3,0,3,0,51,0,51,1,8,11,20,5,115,117,237,7,15,19,41,111,206,170,487,0,1,1,2,0,35,11,46,0,0,0,0,0,0,0,0,1,1,5,7,16,35,78,129,NA,0,849,979.392656,979.392656,NA,0,234,843.856589,843.856589,NA,0,31,1171.834861,1171.834861,NA,0,5,6206.992049,6206.992049,NA,0,30,2469.752776,2469.752776,NA,0,5,6206.992049,6206.992049
39.9474758,-75.1749691,45,44,The Rosenbach,"2008-2010 Delancey Place",Philadelphia,PA,19103,NA,215-732-1600,n/a,12:00,18:00,Closed,Closed,12:00:00,17:00:00,12:00:00,20:00:00,12:00:00,20:00:00,10:00,17:00,10:00,18:00,The Rosenbach,0,0,0,0,0,0,0,0,0,0,0,0,0,0,0,0,0,0,0,0,0,0,1,0,0,n/a,0,n/a,https://libwww.freelibrary.org/locations/the-rosenbach,NA,The Rosenbach,ROS,NA,NA,NA,NA,NA,NA,NA,34,168,202,NA,202,202,0,0,0,24,0,0,0,0,0,0,0,0,0,0,0,0,0,0,0,0,0,0,0,0,0,0,0,0,0,0,0,0,0,0,0,0,0,0,0,0,0,0,0,0,0,0,0,0,NA,0,469,242.2541987,242.2541987,NA,0,282,1019.591286,1019.591286,NA,0,3,1915.448662,1915.448662,NA,0,15,4172.430463,4172.430463,NA,0,60,2422.607902,2422.607902,NA,0,15,4172.430463,4172.430463
39.9193,-75.179884,46,45,"Thomas F. Donatucci, Sr. Library",1935 Shunk Street,Philadelphia,PA,19145-4234,20th & Shunk Sts.,215-685-1755,n/a,Closed,Closed,12:00,20:00,10:00:00,18:00:00,12:00:00,20:00:00,10:00:00,18:00:00,10:00,17:00,10:00,17:00,"Thomas F. Donatucci, Sr. Library",0,1,1,1,1,1,0,0,1,1,0,1,0,0,1,1,1,0,0,0,1,1,0,1,1,https://www.facebook.com/Donatuccibranch/,0,n/a,https://libwww.freelibrary.org/locations/thomas-f-donatucci-sr-library,NA,"Thomas F. Donatucci, Sr. Library",DON,23,11,6.64,6,54,19,73,83,200,283,97,380,380,6,0,18,9,87,0,211,298,0,10,3,13,0,304,148,452,147,81,94,322,2858,1408,1693,5959,0,0,0,0,0,0,0,0,0,0,1,1,0,0,100,100,1,0,1,2,40,0,100,140,NA,0,249,519.0024701,519.0024701,NA,0,105,366.7795501,366.7795501,NA,0,4,3054.506978,3054.506978,NA,0,12,13704.20452,13704.20452,NA,0,32,3452.725545,3452.725545,NA,0,12,13704.20452,13704.20452
40.056589,-75.020345,47,46,Torresdale Library,3079 Holme Avenue,Philadelphia,PA,19136-1101,Holme Ave. & Willits Rd.,215-685-0494,n/a,Closed,Closed,12:00,20:00,10:00:00,18:00:00,12:00:00,20:00:00,10:00:00,18:00:00,10:00,17:00,10:00,17:00,Torresdale Library,0,1,0,1,1,0,0,0,1,0,0,1,0,0,1,1,1,0,0,0,0,1,0,1,1,https://www.facebook.com/TorresdaleBranchLibrary/,0,n/a,https://libwww.freelibrary.org/locations/torresdale-library,NA,Torresdale Library,TOR,44,NA,NA,NA,NA,NA,NA,137,304,441,67,508,508,3,3,3,3,124,91,130,345,2,3,6,11,85,119,188,392,17,23,28,68,418,600,648,1666,11,15,17,43,261,274,276,811,0,0,1,1,0,0,0,0,24,37,31,92,515,660,518,1693,NA,0,38,1433.062385,1433.062385,NA,0,97,0,0,NA,0,23,5132.550799,5132.550799,NA,0,15,9422.830568,9422.830568,NA,0,58,2959.857244,2959.857244,NA,0,15,9422.830568,9422.830568
40.078945,-75.174082,48,47,Wadsworth Library,1500 Wadsworth Avenue,Philadelphia,PA,19150-1699,Wadsworth & Michener Aves.,"215-685-9293",n/a,Closed,Closed,12:00,20:00,10:00:00,18:00:00,12:00:00,20:00:00,10:00:00,18:00:00,10:00,17:00,10:00,17:00,Wadsworth Library,0,1,0,0,1,0,0,0,1,0,0,1,0,0,1,1,1,0,0,0,1,0,0,0,1,https://www.facebook.com/WadsworthBranch/,0,n/a,https://libwww.freelibrary.org/locations/wadsworth-library,NA,Wadsworth Library,WAD,41,33,2.85,3,21,73,94,5,61,66,15,81,81,0,1,2,11,0,22,33,55,0,0,5,5,0,0,77,77,67,33,17,117,1195,703,312,2210,0,0,0,0,0,0,0,0,0,2,1,3,0,4,25,29,3,2,1,6,27,4,25,56,NA,0,1717,128.1738094,128.1738094,NA,0,243,922.0738752,922.0738752,NA,0,24,9748.581771,9748.581771,NA,0,12,16976.32065,16976.32065,NA,0,19,1108.514345,1108.514345,NA,0,12,16976.32065,16976.32065
39.954112,-75.202589,49,48,Walnut Street West,201 South 40th Street,Philadelphia,PA,19104,40th & Walnut Streets,215-685-7671,n/a,13:00,17:00,12:00,20:00,10:00:00,18:00:00,12:00:00,20:00:00,10:00:00,18:00:00,10:00,17:00,10:00,17:00,Walnut Street West,0,1,0,1,1,1,0,1,1,1,1,1,0,0,1,1,1,1,0,0,0,0,1,1,1,https://www.facebook.com/FLPWalnutStreetWest,1,n/a,https://libwww.freelibrary.org/locations/walnut-street-west,NA,Walnut Street West,WAL,83,NA,NA,NA,NA,NA,NA,490,982,1472,157,1629,1629,5,6,0,0,84,82,0,166,0,8,10,18,0,234,337,571,49,65,223,337,1440,2297,9080,12817,1,0,0,1,68,0,0,68,0,0,0,0,0,0,0,0,1,1,7,9,68,20,122,210,NA,0,1495,2748.649369,2748.649369,NA,0,8,2488.545249,2488.545249,NA,0,19,9884.74935,9884.74935,NA,0,15,14865.88231,14865.88231,NA,0,56,6873.214388,6873.214388,NA,0,15,14865.88231,14865.88231
40.076277,-75.032718,50,49,Welsh Road Library,9233 Roosevelt Boulevard,Philadelphia,PA,19114-2205,Welsh Road & Roosevelt Blvd.,215-685-0498,n/a,Closed,Closed,12:00,20:00,10:00:00,18:00:00,12:00:00,20:00:00,10:00:00,18:00:00,10:00,17:00,10:00,17:00,Welsh Road Library,0,1,1,1,1,0,0,0,1,1,0,1,0,0,1,1,1,0,0,0,0,0,0,1,1,n/a,0,n/a,https://libwww.freelibrary.org/locations/welsh-road-library,NA,Welsh Road Library,WEL,24,23,3.04,1,19,51,70,43,145,188,14,202,202,0,0,0,3,0,0,0,0,1,1,8,10,12,22,31,65,24,19,69,112,190,131,145,466,2,0,0,2,57,0,0,57,1,0,0,1,22,0,0,22,6,0,0,6,169,0,0,169,NA,0,304,818.380842,818.380842,NA,0,126,2552.670347,2552.670347,NA,0,56,3661.524996,3661.524996,NA,0,14,10886.3268,10886.3268,NA,0,36,3975.950959,3975.950959,NA,0,14,10886.3268,10886.3268
40.066956,-75.158293,51,50,West Oak Lane Library,2000 Washington Lane,Philadelphia,PA,19138-1344,74th Ave & Washington Lane,215-685-2843,n/a,13:00,17:00,10:00,18:00,12:00:00,20:00:00,10:00:00,18:00:00,12:00:00,20:00:00,10:00,17:00,10:00,17:00,West Oak Lane Library,0,1,0,0,1,0,0,1,1,0,1,1,0,0,1,1,1,0,0,0,1,0,0,0,1,n/a,1,n/a,https://libwww.freelibrary.org/locations/west-oak-lane-library,NA,West Oak Lane Library,WOL,68,NA,NA,NA,NA,NA,NA,54,255,309,4,313,313,0,0,3,31,0,0,50,50,0,0,1,1,0,0,8,8,34,57,43,134,869,1254,940,3063,0,0,4,4,0,0,58,58,0,1,1,2,0,88,10,98,8,2,8,18,447,102,112,661,NA,0,509,31.61171209,31.61171209,NA,0,395,1329.03346,1329.03346,NA,0,24,5013.995551,5013.995551,NA,0,12,12906.24603,12906.24603,NA,0,65,1889.513276,1889.513276,NA,0,12,12906.24603,12906.24603
39.921819,-75.149916,52,51,Whitman Library,200 Snyder Avenue,Philadelphia,PA,19148-2620,"2nd St. & Snyder Ave.",215-685-1754,n/a,13:00,17:00,12:00,20:00,10:00:00,18:00:00,12:00:00,20:00:00,10:00:00,18:00:00,10:00,17:00,10:00,17:00,Whitman Library,1,1,0,0,0,0,0,0,0,0,0,0,0,0,0,0,0,0,0,0,0,0,0,0,0,https://www.facebook.com/WhitmanLibrary/,0,n/a,https://libwww.freelibrary.org/locations/whitman-library,NA,Whitman Library,WHT,7,52,6.17,4,206,115,321,112,440,552,53,605,605,13,17,1,1,311,466,16,793,0,8,5,13,0,209,130,339,115,145,140,400,2313,3638,2858,8809,30,11,0,41,770,372,0,1142,2,0,3,5,36,0,260,296,54,65,79,198,1559,2018,2458,6035,NA,0,519,1179.923476,1179.923476,NA,0,408,124.9644417,124.9644417,NA,0,73,4735.961428,4735.961428,NA,0,17,1053.455821,1053.455821,NA,0,71,5439.09428,5439.09428,NA,0,17,1053.455821,1053.455821
39.996853,-75.177096,53,52,Widener Library,2808 West Lehigh Avenue,Philadelphia,PA,19132-3296,28th & Lehigh Ave.,215-685-9799,n/a,13:00,17:00,10:00,18:00,10:00:00,18:00:00,10:00:00,18:00:00,10:00:00,18:00:00,10:00,17:00,10:00,17:00,Widener Library,0,1,0,0,1,0,0,0,1,0,0,1,0,0,1,1,1,0,0,0,1,0,0,0,1,https://www.facebook.com/FLPWidenerBranch,1,n/a,https://libwww.freelibrary.org/locations/widener-library,NA,Widener Library,WID,47,94,2.06,1,194,NA,194,36,162,198,22,220,220,1,0,0,45,7,0,0,7,4,4,2,10,29,37,29,95,81,45,37,163,1710,594,1196,3500,0,0,0,0,0,0,0,0,0,0,0,0,0,0,0,0,4,0,0,4,232,0,0,232,NA,0,105,868.3941253,868.3941253,NA,0,299,112.0589574,112.0589574,NA,0,68,2233.730981,2233.730981,NA,0,5,2448.267418,2448.267418,NA,0,8,4994.232221,4994.232221,NA,0,5,2448.267418,2448.267418
39.994954,-75.233,54,53,Wynnefield Library,5325 Overbrook Avenue,Philadelphia,PA,19131-1498,54th St. & Overbrook Ave.,215-685-0298,n/a,Closed,Closed,12:00,20:00,10:00:00,18:00:00,12:00:00,20:00:00,10:00:00,18:00:00,10:00,17:00,10:00,17:00,Wynnefield Library,0,1,0,0,1,0,0,0,1,0,0,1,0,0,1,1,1,0,0,0,1,0,0,0,1,n/a,0,n/a,https://libwww.freelibrary.org/locations/wynnefield-library,NA,Wynnefield Library,WYN,6,NA,NA,NA,NA,NA,NA,60,280,340,64,404,404,6,8,31,9,109,75,204,388,3,10,2,15,59,190,55,304,36,46,69,151,464,689,694,1847,9,1,2,12,169,25,41,235,0,0,0,0,0,0,0,0,14,1,3,18,264,25,56,345,NA,0,333,60.97780011,60.97780011,NA,0,252,31.64401321,31.64401321,NA,0,5,287.0242709,287.0242709,NA,0,9,6136.686354,6136.686354,NA,0,20,72.80143584,72.80143584,NA,0,9,6136.686354,6136.686354
40.021191,-75.121402,55,54,Wyoming Library,231 East Wyoming Avenue,Philadelphia,PA,19120-4439,"Wyoming Ave. & ""B"" St.",215-685-9158,n/a,13:00,17:00,10:00,18:00,10:00:00,18:00:00,10:00:00,18:00:00,10:00:00,18:00:00,10:00,17:00,Closed,Closed,Wyoming Library,0,1,0,0,1,0,0,0,1,0,0,1,0,0,1,1,1,0,0,0,0,1,0,1,1,https://www.facebook.com/WYOFLP/,0,n/a,https://libwww.freelibrary.org/locations/wyoming-library,NA,Wyoming Library,WYO,NA,NA,NA,NA,NA,NA,NA,4,76,80,7,87,87,3,4,2,0,66,79,24,169,5,9,1,15,45,154,14,213,62,67,36,165,475,682,544,1701,6,8,2,16,195,69,31,295,3,0,0,3,78,0,0,78,18,9,3,30,375,79,40,494,NA,0,449,426.5069844,426.5069844,NA,0,103,836.9509624,836.9509624,NA,0,13,2156.480186,2156.480186,NA,0,10,1375.26891,1375.26891,NA,0,10,2732.668752,2732.668752,NA,0,10,1375.26891,1375.26891